{
  "nodes": [
    {
      "id": "n000",
      "name": "n000",
      "color": {
        "r": 128,
        "g": 128,
        "b": 128
      },
      "position": {
        "x": 11.590372788383226,
        "y": 7.249403882253429,
        "z": 20.29141805654118
      },
      "opacity": 0.75,
      "label": {
        "color": {
          "r": 128,
          "g": 128,
          "b": 128
        },
        "text": "n000",
        "opacity": 0.2
      },
      "labelOpacity": 0.2,
      "castShadows": true,
      "radius": 0.5,
      "shape": "sphere"
    },
    {
      "id": "n001",
      "name": "n001",
      "color": {
        "r": 128,
        "g": 128,
        "b": 128
      },
      "position": {
        "x": -10.08348784943147,
        "y": 3.4847889209937373,
        "z": 2.7277687421103747
      },
      "opacity": 0.75,
      "label": {
        "color": {
          "r": 128,
          "g": 128,
          "b": 128
        },
        "text": "n001",
        "opacity": 0.2
      },
      "labelOpacity": 0.2,
      "castShadows": true,
      "radius": 0.5,
      "shape": "sphere"
    },
    {
      "id": "n002",
      "name": "n002",
      "color": {
        "r": 128,
        "g": 128,
        "b": 128
      },
      "position": {
        "x": -8.176501160873965,
        "y": 6.2238191684116595,
        "z": 9.745504166230875
      },
      "opacity": 0.75,
      "label": {
        "color": {
          "r": 128,
          "g": 128,
          "b": 128
        },
        "text": "n002",
        "opacity": 0.2
      },
      "labelOpacity": 0.2,
      "castShadows": true,
      "radius": 0.5,
      "shape": "sphere"
    },
    {
      "id": "n003",
      "name": "n003",
      "color": {
        "r": 128,
        "g": 128,
        "b": 128
      },
      "position": {
        "x": 9.134046647433786,
        "y": 6.347026022463282,
        "z": 18.5989953980935
      },
      "opacity": 0.75,
      "label": {
        "color": {
          "r": 128,
          "g": 128,
          "b": 128
        },
        "text": "n003",
        "opacity": 0.2
      },
      "labelOpacity": 0.2,
      "castShadows": true,
      "radius": 0.5,
      "shape": "sphere"
    }
  ],
  "edges": [
    {
      "nodes": [
        {
          "id": "n000",
          "name": "n000",
          "color": {
            "r": 128,
            "g": 128,
            "b": 128
          },
          "position": {
            "x": 11.590372788383226,
            "y": 7.249403882253429,
            "z": 20.29141805654118
          },
          "opacity": 0.75,
          "label": {
            "color": {
              "r": 128,
              "g": 128,
              "b": 128
            },
            "text": "n000",
            "opacity": 0.2
          },
          "labelOpacity": 0.2,
          "castShadows": true,
          "radius": 0.5,
          "shape": "sphere"
        },
        {
          "id": "n003",
          "name": "n003",
          "color": {
            "r": 128,
            "g": 128,
            "b": 128
          },
          "position": {
            "x": 9.134046647433786,
            "y": 6.347026022463282,
            "z": 18.5989953980935
          },
          "opacity": 0.75,
          "label": {
            "color": {
              "r": 128,
              "g": 128,
              "b": 128
            },
            "text": "n003",
            "opacity": 0.2
          },
          "labelOpacity": 0.2,
          "castShadows": true,
          "radius": 0.5,
          "shape": "sphere"
        }
      ],
      "id": "n000-n003",
      "name": "n000-n003",
      "color": {
        "r": 128,
        "g": 128,
        "b": 128
      },
      "opacity": 0.5,
      "label": {
        "color": {
          "r": 128,
          "g": 128,
          "b": 128
        },
        "text": "n000-n003",
        "opacity": 0.2
      }
    },
    {
      "nodes": [
        {
          "id": "n001",
          "name": "n001",
          "color": {
            "r": 128,
            "g": 128,
            "b": 128
          },
          "position": {
            "x": -10.08348784943147,
            "y": 3.4847889209937373,
            "z": 2.7277687421103747
          },
          "opacity": 0.75,
          "label": {
            "color": {
              "r": 128,
              "g": 128,
              "b": 128
            },
            "text": "n001",
            "opacity": 0.2
          },
          "labelOpacity": 0.2,
          "castShadows": true,
          "radius": 0.5,
          "shape": "sphere"
        },
        {
          "id": "n002",
          "name": "n002",
          "color": {
            "r": 128,
            "g": 128,
            "b": 128
          },
          "position": {
            "x": -8.176501160873965,
            "y": 6.2238191684116595,
            "z": 9.745504166230875
          },
          "opacity": 0.75,
          "label": {
            "color": {
              "r": 128,
              "g": 128,
              "b": 128
            },
            "text": "n002",
            "opacity": 0.2
          },
          "labelOpacity": 0.2,
          "castShadows": true,
          "radius": 0.5,
          "shape": "sphere"
        }
      ],
      "id": "n001-n002",
      "name": "n001-n002",
      "color": {
        "r": 128,
        "g": 128,
        "b": 128
      },
      "opacity": 0.5,
      "label": {
        "color": {
          "r": 128,
          "g": 128,
          "b": 128
        },
        "text": "n001-n002",
        "opacity": 0.2
      }
    },
    {
      "nodes": [
        {
          "id": "n003",
          "name": "n003",
          "color": {
            "r": 128,
            "g": 128,
            "b": 128
          },
          "position": {
            "x": 9.134046647433786,
            "y": 6.347026022463282,
            "z": 18.5989953980935
          },
          "opacity": 0.75,
          "label": {
            "color": {
              "r": 128,
              "g": 128,
              "b": 128
            },
            "text": "n003",
            "opacity": 0.2
          },
          "labelOpacity": 0.2,
          "castShadows": true,
          "radius": 0.5,
          "shape": "sphere"
        },
        {
          "id": "n002",
          "name": "n002",
          "color": {
            "r": 128,
            "g": 128,
            "b": 128
          },
          "position": {
            "x": -8.176501160873965,
            "y": 6.2238191684116595,
            "z": 9.745504166230875
          },
          "opacity": 0.75,
          "label": {
            "color": {
              "r": 128,
              "g": 128,
              "b": 128
            },
            "text": "n002",
            "opacity": 0.2
          },
          "labelOpacity": 0.2,
          "castShadows": true,
          "radius": 0.5,
          "shape": "sphere"
        }
      ],
      "id": "n003-n002",
      "name": "n003-n002",
      "color": {
        "r": 128,
        "g": 128,
        "b": 128
      },
      "opacity": 0.5,
      "label": {
        "color": {
          "r": 128,
          "g": 128,
          "b": 128
        },
        "text": "n003-n002",
        "opacity": 0.2
      }
    }
  ],
  "groups": []
}